{"cameraMode":{"drawMode":0,"name":"Shaded","section":"Shading Mode"},"sceneLighting":true,"audioPlay":false,"sceneViewState":{"m_AlwaysRefresh":false,"showFog":true,"showSkybox":true,"showFlares":true,"showImageEffects":true,"showParticleSystems":true,"showVisualEffectGraphs":true,"m_FxEnabled":true},"in2DMode":false,"pivot":{"x":-16.26665496826172,"y":12.42082691192627,"z":14.676259994506836},"rotation":{"x":0.5293725728988648,"y":-0.06731580942869187,"z":0.04215750843286514,"w":0.8447158932685852},"size":13.110877990722657,"orthographic":false}